Comment Body,Actual Sentiment,Predicted Sentiment
"In fairness, several of the countries that spend a lot on health care also lean heavily on the US for defense.  

If we stopped our defense spending, they would have to increase their own defense spending, and probably would then find they didn't have as much money to spend on healthcare anymore.",Positive,Positive
Do these new case reports ever take into account the amount of testing?,Neutral,Positive
"Itâ€™s ironic. Independence Day 2020 could turn out to be the date which may cause a catastrophic increase in infections. The day America loses its independence and itâ€™s freedom of choice. Masks may become a Federal Issue. They probably will become mandatory. 
Can the people not see the the rest of the world does not need them. Americans are becoming a nuisance and delaying the recovery of other vital countries. There is nothing America produces that is not in abundance elsewhere. The only reason Americans are a key player is their Military power. Wake up and take notice",Positive,Positive
"So, ""not for profit"" doesn't mean no one is making money. It generally means that gains aren't being paid out to shareholders, and are instead reinvested internally. So, as to why anyone would work in it, Non profits pay their employees. It's pretty much the same as a normal corporation from an employees viewpoint.

As for investment, sure, people generally don't invest in non profits in the same way as they do for profit corporations, with an expectation of financial gains. Non profits are often created by charitable endowments and grown through donations and internal reinvestment. Many other nations in the world have opted to make healthcare for all a national priority, and support their healthcare systems with taxes.

It's also worth noting that some of the largest and most prestigious healthcare orgs in the US are already non profits. Kaiser's health plan for instance. Also Mayo Clinic, Johns Hopkins, Sutter, Stanford, swedish, Partners (Mass General and Brigham and women's) and a ton more.",Positive,Positive
What are you implying,Neutral,Neutral
"That is not true. You may have lucked out like the following,

>Medical providers often don't report to credit bureaus. 

 but it was simply luck, and it could come back to haunt you

>But those debts are still on their books, and hospital financial officers sometimes clean house by selling those records to collection companies. It's these professional collectors that will both report the debt and hound you indefinitely. Invariably, they'll call just before you need a loan or a mortgage, or you've applied for a job, and your credit report gets

Read more: http://www.bankrate.com/finance/credit/will-unpaid-medical-bills-hurt-credit.aspx#ixzz2Ucz7ar5p ",Positive,Negative
"Bernie, is that you?  Iâ€™ve been looking for you for months!",Neutral,Negative
They can truly spin fiction to suit their angle better than anything else!,Positive,Positive
You think you had it rough? There were 150 of us living in a shoebox in the middle of the [road.](http://www.youtube.com/watch?v=Xe1a1wHxTyo),Neutral,Negative
Such a bad chart...,Negative,Negative
"By 2018, if not sooner.",Neutral,Negative
"we can also stigmatize NOT wearing it.   Interestingly, humans actually respond more to negative social cues then to regular hard facts.   As in, people will smoke fewer cigarettes if they get dirty looks and comments from people, even subtle cues.   But, tell them about the damage they are doing to themselves, and how much better theyd feel if they stopped or cut back, doesnt really do as much.",Negative,Positive
Why would they have marketing at all? Why is it legal for drugs companies?,Positive,Positive
"Yes, stop testing and the problem will go away according to the expert.",Negative,Positive
"HOLD ON.

YOU PAY TO GIVE BIRTH IN THE US?",Negative,Negative
I tore my ACL being an idiot and already beat myself up for being so stupid. I'm doing PT and dropping a few lbs before getting it fixed. I couldn't imagine the amount of self-loathing I would experience if I didn't have access to free healthcare.  ,Negative,Positive
The US always picks the weirdest fucking things to be best at,Positive,Positive
">1of1

That's quite the wall of text for someone who doesn't understand the basic concept of numbering.",Neutral,Negative
"This is the mantra the US government has been chanting for a very long time in order to justify aggressive and excessive military spending. The US government does not spend money in order to protect its neighbors and ""friends"". It is done in order to maintain US control and influence in those regions.

You should try asking the average Canadian or Australian if they think US tax dollars should be spent on the military industrial complex or something else.",Positive,Positive
"Whatâ€™s being said here is that the information put in our faces is misleading, nothing no good information is available. That said, cases are on the rise in outpacing tests",Negative,Positive
So this is what it feels like to be Jor-el and watch the people of Krypton ignore the evidence.,Neutral,Positive
"The author is conflating unrelated issues. What the author is talking about isn't ""quality"", nor did the EU or Canada state what you said.

>But despite the large number of uninsured, cancer patients in the United States are most likely to be screened regularly

So it's a cultural difference. Are you suggesting that moving to a single-payer system would reduce the amount of US screening?",Negative,Positive
Genius logic there.,Neutral,Positive
[deleted],Neutral,Neutral
"

Australia and the Uk have similar obesity rates  &#12494;( &#94;_&#94;&#12494;) 

 -------------------- 

 Let me fix that for you (automated comment unflipper) [FAQ](http://www.reddit.com/r/FIXES_YOUR_COMMENT/wiki)",Neutral,Neutral
because USA,Neutral,Neutral
"Apples and oranges are extremely similar, you should pick a different example.",Neutral,Neutral
"Texas is getting the best government a C+ student can give.
",Positive,Positive
"What is interesting is that amid all this cry of how bad Texas is, the infant mortality rate, the most common metric used to determine general state of health, has been decreasing:

http://www.cdc.gov/nchs/data/databriefs/db120.htm

""Several other Midwestern and Southern states with higher-than-average infant mortality rates (1,6) also experienced significant declines: Florida, Illinois, Kansas, Michigan, Mississippi, Missouri, Tennessee, and Texas. States with the largest declines tended to be states with the highest rates.""

Things are getting better in Texas. It just isn't as good as others, but it is catching up.",Negative,Negative
"I pulled the health-related data from the study for the United States and France (since the article questions why France did worse than the US).

[Data](https://docs.google.com/spreadsheet/ccc?key=0AjXjxX7FVuhFdGxFcXQtenpXcjVpZXFmbEZsclFpWEE&hl=en_US#gid=0)

As far as I can see, out of the 18 categories they measured, France was better than the US in 10, while the US was better in 6 (they were tied for two categories).

To be fair, I don't know how these categories were weighted, and I assumed that a higher score in ""Health Sub-Index scores"" (which seems to be an aggregate of other health data) is better.

The article from TheHill doesn't make much sense when describing why France did better:

> So, why did France, the leader in healthcare rankings by the World Health Organization because of its universal healthcare system and top-notch prevention efforts, end up in seventh place? 

> Thirty percent of French people ""report feeling worried during the previous day, well above the global average,"" the index reports. And despite the 35-hour work week, ""a relatively low 67 percent reported being well-rested.""

First of all, these two categories are self-reported results, so take that for what it's worth. Secondly, if we look at the data, more Americans report feeling worried (33% vs 30%), and in the ""well-rested"" category, the French are only off by 4 percentage points (67% vs 71%).

If anything, the Health sub-index scores are the only numbers that are leaning in favor of the US, but since I don't know how they're weighted or even what scale they're based on, I can't tell by how much.

Now look at the cost of healthcare per person: we pay almost exactly twice as much per person. This is all coming from their data.
",Positive,Negative
"Trump, please go away.",Positive,Positive
Being outside with masks is being outside with masks.,Neutral,Neutral
"""It will just go away""",Neutral,Positive
"Yeah, let's forget about tort reform and just keeping suing people.
",Negative,Positive
"""only 30k"" LOL ",Positive,Positive
"The health care genocide (the intentional abuse and destruction of working-class people) in the USA is the #1 reason I don't ever want to live there. 

And I lived in Mexico, and I lived in the USA briefly. It's absolutely mind-blowing how abusive that system is.

Signed, from a western European country that actually lives in the first world instead of a make-belief variant of it.",Negative,Positive
I'm tired of them and their supporters.,Negative,Negative
OMFG ðŸ˜Ÿ,Neutral,Positive
"I know two drug reps.  One earns in excess of $200K a year and the other makes just over $150K.  Neither has any formal education in medicine, science, biology, or health aside from what we all had in high school.  One was formerly employed in the office copier industry and the other sold home improvements (window replacements, vinyl siding).  Both individuals are charming, good looking, and persuasive.  This is not to say that they do not earn their wages with their skills, but are these the sort of skills that we need to reward in heath care? ",Positive,Positive
"> Infant mortality is very high, life expectancy is low, etc...

Those are lifestyle and cultural indicators, not healthcare indicators. America has a high immigrant population, which explains the infant mortality. It also has the worlds fattest, most drug and alcohol abusing population, which explains the life expectancy. The best way to improve the infant mortality rate is to tighten immigration (which would be bad overall for many other reasons). And the best way to improve the life expectancy would be to legalize drugs (which would be totally awesome). 

In first world countries, hospitals do not have even 1/100th the influence on life expectancy as does lifestyles choices. If you want to compare first world countries' healthcare quality, you have to look at more direct metrics like recovery from cancers, diseases, strokes, organ transplants, infection control, research breakthroughs, and even ratios like MRI machines per 1000 people. The US leads in all of those.",Positive,Positive
">All I do is try to make it simple. The ones who make it complicated never get congratulated.

-Kid Cudi",Neutral,Positive
"Doctor pay only accounts for around 6% of the total cost of healthcare in the US. Meanwhile we spend three times as much as the next most expensive country just to stay in a hospital room, and we pay twice as much for that as we did 10 years ago. The numbers don't add up, somebody is making money hand over fist, and it's not the healthcare professionals.",Positive,Positive
"Again, not a single mention of nationwide protests. You are mindless hypocrites.

Reddit is dead.",Negative,Negative
"When I found out that medical bills don't count against your credit report I was so stoked.  ""Oh, all that shit can wait until after my other bills, like property taxes and government-mandated auto insurance?  Great, now I won't go to jail for not buying a product from a corporation as required by my corrupt politicians!  Inspection sticker here we come!""",Positive,Negative
"Again, itâ€™s not that good information is hidden, itâ€™s that bad information is the literal headlines, well good information requires proactiveness",Positive,Positive
">But the drug companies spend only 12 percent of their revenues on innovation. So yes, some of that money goes to innovation, but only 12 percent of it

Isn't 12% pretty high when compared to other sectors?",Positive,Negative
"We should have left it up to the people to quarantine? Holy shit we'd have at least a million dead by now. You're okay with that? Just because it was a million people with preexisting conditions and weak immune systems huh? 

And I'd bet our economy would be in even worse shape when tens of thousands of people are dropping dead everyday, certain demographic or not, and our hospitals being so overcrowded and strained that people with other life threatening emergencies would have nowhere to go. And the medical workers would be getting sick and burned out like crazy with some more losing their own lives.

This is what it would look like if we just let the virus play its course. If you ask me we should have done a stricter quarantine much sooner and we'd be in much better shape right now. I don't think you realize how bad things would be without government intervention. Or you are just heartless.",Negative,Negative
Have you seen how overwhelmed hospital ICUs are? Many of the ICUs in states with high numbers are either reaching capacity or at capacity. Thatâ€™s one of the best ways to see the impact of COVID-19.,Positive,Positive
Are we great again yet,Positive,Negative
ugh,Negative,Positive
"Yeah, imagine [that](http://rationalrevolution.net/war/invasion_of_kuwait.htm)
What is important to understand about Saddamâ€™s invasion of Kuwait is that right up to the invasion American leadership was giving him every sign that he was an American golden child. Four days prior to Saddam's invasion of Kuwait the American Ambassador to Iraq, April Glaspie, told Saddam that, â€œWe have no opinion on your Arab - Arab conflicts, such as your dispute with Kuwait. Secretary (of State James) Baker has directed me to emphasize the instruction, first given to Iraq in the 1960's, that the Kuwait issue is not associated with America. """,Positive,Negative
The price quoted in the title does seem low.  In my area I've heard they are usually 2-3k billed to the patient. ,Negative,Negative
"It's not the doctors' fault, we don't set prices.  Speak to your insurance company or drop them all together in favor of pay for services doctors visits. You're charged that much because of all the people whos insurance won't pay out or for people who get services and then leave Ama or without paying. I have wealthy patients who haven't paid in 6 months...People wonder why the cost is so high bit nobody brings up the fact that insurance companies boast PROFITS each year. those profits come from you paying premiums and them dropping you or not paying because you said something slightly different than their criteria. 

If you want change, start with insurance reform(not giving it to everyone, but how it operates in general). we should also change school curriculums so people aren't obese at 18 with 20 medical problems by 30 all due to lifestyle, this is a huge drain especially since so many people are noncompliant with medications. ",Positive,Positive
"correct. the system is made to keep you distracted from having time to care about real problems. 

look at Europe, people don't worry about medical, vacation, or sick days... what's the outcome? a democracy where they revolt when you try to take away the minimum and politicians and every citizen is held responsible for his wrongdoings. 

don't want that, right US government?",Negative,Positive
">The Republicans in this country hire entertainers 

You DO realize Republicans and Democrats are two sides of the same corporate coin, right? ",Positive,Positive
So lets sue them for over prescribing antibiotics. I have seen multiple times doctors prescribing antibiotics for viruses. Doctors should be brought up on charges for doing that.,Neutral,Positive
[removed],Neutral,Neutral
"I think what also is contributing to the raise of cases along with everything else is small business owners being negligent with the procedures of COVID in fear of losing their businesses. My employer told me after I was exposed to an out break in put-in-bay on Lake Erie â€œ I know you donâ€™t have your test results back yet but Iâ€™m comfortable with you coming back to work.â€ Can you not see long term effect this will have for you and the nation in the future if I come back positive? I donâ€™t care if you think itâ€™s real or not, or if you think itâ€™s not that serious. Not being practical about the situation is going to cost you and everyone else. There is proof in other countryâ€™s that did what they were supposed to do and are having a much more success with keeping this under control.  Tokyo having one of if not the most densest population of a city in the world has a better grip on this than us. Simply because they were ahead of the curve wearing masks.",Positive,Positive
"Oh my good!   This is perhaps the most preposterous and unscientific study and conclusion ever posted on reddit.  Is this the Onion?

""They found a strong correlation between the prevalence of methicillin resistance and density of attorneys in countries in Europe and North America""

LMMFAO!!!

Good god.  Its not lawyers choosing anti-biotics its the fucking patients who should even need a fucking doctor to get a drug in the first place.  ",Positive,Positive
until November,Neutral,Positive
"Fundamentally it's a political problem, a 1% problem, not a health problem. Americans are starting to catch on, even Fox News viewers.",Negative,Negative
"The big underlying problem is that people clearly don't understand how insurance works. All the insured people pay into a pool and then the people who need a payout tap into the pool. If everyone taps into the pool either the pool runs out or everyone must pay more to keep the pool going. This defeats the purpose. The culture has to shift to being actually healthy and only tapping into the insurance pool when truly sick or injured. Being fat, abusing pills, eating horribly, never exercising, etc. shouldn't be the standard way of life. Since it is though I kinda wish people would just STFU about health care. If you like to drive 100 mph and crash your car every weekend should everyone else pay to fix it? Hell no, that's your problem for being stupid. So why should anyone feel responsible if you go to McDonalds and crash your body? That's also your problem for being stupid. ",Negative,Negative
Fair. What I meant is the part of the archetypal American psyche that is particularly dubious being told what they cannot do.,Negative,Positive
#WINNING,Positive,Positive
">Ignore any you don't like.

It's like you totally understand reddit!",Negative,Negative
I've not seen anything recently no. Im in Europe btw. ICU admissions would be a much better measure of the actual impact I agree. I guess that due to the lag between incubation and symptom onset and ICU admissions we need to identify any increase in cases as early as possible in order to take appropriate action.,Positive,Positive
">The American healthcare system is fucked up because of health insurance companies.

No, it's fucked up because the conversation/debate/discussion revolves around coverage and eligibility when it needs to be about COST.  Everybody ignores the real elephant in the room, skyrocketing cost. 

I realize healthcare is important, but the problem gets worse if the cost goes up another 125% attempting to make eligibile an additional 30-40 million individuals. 

* Democrats phase the debate as ""everybody should be covered""
* Republicans phrase the debate as ""who will pay for that coverage?""
* When I say ""Why the fuck are healthcare costs so ridiclous"".

",Negative,Positive
Slovenia.,Neutral,Positive
"The American healthcare system is fucked up because of health insurance companies. That our supposed savior brought us healthcare reform that requires us to purchase coverage through these insurance companies is a victory only for those fuckers. Perry's position is inhumane, sure, but healthcare reform as it was enacted is a  pathetic half-measure that empowers the same insurance companies who put us here. ",Negative,Positive
"If Darwin was russian, chinese or from saudi arabia (or pick any of his friends) then yes.",Positive,Negative
"Then you donâ€™t have any issue with Trump having a rally at Mt. Rushmore right?

Theyâ€™re both outside, and both parties will be wearing masks.",Positive,Negative
"So this is going to be another one of his future ""oops"" moments. I guess he had better hope sick people don't vote!",Positive,Positive
"If it wasn't for profit, why would anyone invest or work in it?",Negative,Negative
Perhaps a trip overseas ?,Neutral,Positive
"My guess it that Saddam was set up.  We've wanted to run Iraq for a long time and his invasion into Kuwait was all we needed.  And by we, I mean American corporations. ",Neutral,Negative
